ticker,earnings_date
BEAM,2026-05-07
BEAM,2026-02-24
BEAM,2025-11-04
BEAM,2025-08-05
BEAM,2025-05-06
BEAM,2025-02-25
BEAM,2024-11-05
BEAM,2024-08-06
BEAM,2024-05-07
BEAM,2024-02-27
BEAM,2023-11-08
BEAM,2023-08-08
RXRX,2026-05-06
RXRX,2026-02-25
RXRX,2025-11-05
RXRX,2025-08-05
RXRX,2025-05-05
RXRX,2025-02-28
RXRX,2024-11-06
RXRX,2024-08-08
RXRX,2024-05-09
RXRX,2024-02-27
RXRX,2023-11-09
RXRX,2023-08-08
CRSP,2026-05-04
CRSP,2026-02-12
CRSP,2025-11-10
CRSP,2025-08-04
CRSP,2025-05-06
CRSP,2025-02-11
CRSP,2024-11-05
CRSP,2024-08-05
CRSP,2024-05-08
CRSP,2024-02-21
CRSP,2023-11-06
CRSP,2023-08-07
ILMN,2026-04-30
ILMN,2026-02-05
ILMN,2025-10-30
ILMN,2025-07-31
ILMN,2025-05-08
ILMN,2025-02-06
ILMN,2024-11-04
ILMN,2024-08-06
ILMN,2024-05-02
ILMN,2024-02-08
ILMN,2023-11-09
ILMN,2023-08-09
ALNY,2026-04-30
ALNY,2026-02-12
ALNY,2025-10-30
ALNY,2025-07-31
ALNY,2025-05-01
ALNY,2025-02-13
ALNY,2024-10-31
ALNY,2024-08-01
ALNY,2024-05-02
ALNY,2024-02-15
ALNY,2023-11-02
ALNY,2023-08-03
